PCA1,PCA2,PCA3,PCA4,PCA5,PCA6,PCA7,PCA8,PCA9,PCA10,PCA11,PCA12,PCA13,PCA14,PCA15,PCA16,PCA17,PCA18,PCA19,PCA20,PCA21,PCA22,PCA23,PCA24,PCA25,PCA26,PCA27,PCA28,PCA29,PCA30,PCA31,PCA32,PCA33
-17.877566765765437,-1.0560450356500488,3.0237522142458495,1.5584419777681549,-5.657829794109351,3.404683645292329,1.7556554746755277,-11.260612072735737,2.2454834881109056,-3.8679823422515613,2.812020821195306,-2.396561735884583,-2.767641265760649,-1.7452198968567294,-1.3854949521663054,-3.2615087454612506,-0.7643261910630604,0.5180321399538963,0.22780124099659993,1.1726100715922139,1.1343009676943794,2.8940518205012253,0.4330167737066767,0.5856333097700219,-0.47999764676182805,-0.007095886238832283,-0.775856825122785,0.17939964688298615,-0.3477732387935193,-2.7103578573918012,-0.04072578254061786,11.529713578656006,-3.1071454242210463
-13.121210881897966,1.348622090655464,3.306438351960855,5.287917885509772,-13.280575811670214,1.0643736476632526,-0.09634957275200229,-8.066538722520523,2.7325832711914373,-6.259202934312455,1.71033104985929,-1.3649231925409704,-2.0734111318273163,-1.4080421502944895,-3.7406004705437206,-2.2666785406550543,-0.5778744149955386,-0.7162248518085993,0.7676777171709848,0.5058311281850831,2.438537957869616,3.069684318647916,-0.03666796640953135,-1.2817750840542566,0.3992027645590264,-0.26711746262939373,-1.0707222706419186,2.2566491916342555,2.9295238626770725,-2.574907258122715,-0.37140294615975866,15.311072949539621,-2.014836833696266
-1.6022125701022123,1.8683054544994502,3.352563051713304,2.648230063760959,-15.688202003154451,11.86212469031856,6.958848614436594,-36.21947302371658,7.442242495349422,-9.118692294074854,10.619644734218776,-6.445271354396798,-8.594396160964445,-5.3779043021792,-1.1444050053850352,-7.678511631928814,-1.721377363282373,1.642450528838883,1.5316906049049863,1.4583501950143116,0.4485788317697863,6.176545110774702,1.390483955563202,0.5907194901069066,-1.413421690246411,-0.6804558354900901,-3.25332098999949,-1.250367532581217,-1.6364199088003106,-6.655762242436703,1.7481231361964609,10.650155392258249,-3.756143439444096
7.997337092977256,-0.6820234198125135,5.230785314853357,2.5600801394923756,-13.449213838248685,12.910864281290495,7.025849042266223,-38.125416394277,7.954412716545493,-8.166707691263234,10.021329993100428,-7.055609102274529,-8.23053559266761,-5.24022917223539,0.6844648293677773,-7.9551308317732605,-1.9457901842704437,2.644985166815184,0.9851361293222186,1.668022881674256,-0.7957919935906637,5.991414346702027,1.6439496463503522,0.6456709560400062,-2.2576866823465065,-0.5132950552089195,-2.8433795782443276,-3.009856722002585,-3.4401910721954487,-6.848204933921009,1.5869551634810388,6.917158344345496,-3.4396367844204767
-5.094543184681767,1.2778131020270298,3.2615159607353363,1.3912168050198148,-12.035076868234103,8.84646074179482,5.2469296743611356,-26.810621304623616,5.579919416398307,-7.10946285937521,7.68598985626414,-5.000876971442514,-6.692607683070102,-4.099846999475294,-0.9630400532430978,-5.909160188772239,-1.359294335148134,1.2115610475508007,1.0108393366221653,1.3455672050153495,0.3136341584229032,5.016617437398045,0.9876817976343506,0.30614611686521637,-1.1739613751584668,-0.46574591183392094,-2.3238060341993867,-1.061820376716321,-0.8588811214553069,-5.085283848741144,1.4164324665460708,9.829419555595134,-3.141265243248975
-4.489349883354036,-0.443260148500348,1.7893603611807216,5.536781267777917,-16.43837570435803,15.600857336137627,8.776146514798016,-44.558264060373936,8.794275896704033,-10.131553783313086,12.674250586404565,-8.298924480581334,-10.32220040847647,-5.991867281264819,0.5608454343181322,-9.094027702240986,-2.196651041635756,2.9865575250290686,1.6718242269012726,1.883530182409482,0.06861006387864221,7.043081649147474,2.220198650101523,1.8871920822811143,-2.2410393196677862,-0.6947229664219682,-3.827897944892542,-2.289443715472869,-4.110513822714983,-8.416805589775965,1.4096545488420464,11.230233430935243,-5.479848416323132
-16.757427520029907,-7.89141361164594,-3.9661642499926666,1.1877025038936497,-13.358066523215781,2.97835511773791,0.7270043235992978,-14.607479591847675,2.7476739382688837,-7.05044036494686,2.8820585791292914,-2.2085583394841692,-2.1610695107256954,-1.1370043754748618,-3.4115020118801938,-3.970222981754756,-0.8800146810843261,0.2433339361745998,0.6295030110762485,0.7658475885170949,2.1785448422308176,3.061472106178307,-0.3294318284120513,0.16783841184932666,0.17769634710372806,-0.4957949198911621,-1.8135906134876318,2.6670995678545593,2.0214200059933005,-4.709856995084952,-1.8857547174764313,18.811330331791645,-3.5605302058083055
-22.59027367114136,-3.0637752407333565,1.5722131688931746,2.10717680562569,-8.01840768596102,1.7145457749275814,0.6876120661749032,-8.64153029919974,1.802938521702799,-4.141246068229218,1.9087692548764121,-1.6276306886087317,-1.7414960989493666,-0.9328289375430321,-2.1635663378316163,-2.898506407790604,-0.49058205914830977,0.20634088582375304,0.3116315625604552,0.9053395684612889,1.8621373831685017,2.4585184002399956,0.12071972815907146,0.3686259008182382,0.019326558595217286,-0.162413460446016,-0.9653777365655395,1.457918468160934,0.940505839137465,-2.6543806893352917,-0.912485965231751,14.392427294708794,-3.2160044702014337
-8.759342202996162,-4.506153000797167,3.812893757939928,2.9481236420018186,-2.816678120681666,1.4538528924003673,-0.28926312514852626,-6.529168485404682,1.2474062597960187,-2.4408619720971663,0.11346314273111924,-1.1868820460694174,-0.5458305317531269,-0.6146643792687685,-0.12447468913484583,-1.6478824973167865,-0.3868529972127756,0.7361654185516058,-0.569068621489191,0.7867535350465242,0.2663338404854305,1.1660646234941008,0.24526580021398453,0.1840387049156744,-0.2584719674118191,0.3578522932630912,0.06369815863173378,0.38419843701664935,-1.2389849890663065,-1.0687421223129867,-1.1085102194936562,8.224115985994718,-1.3340270988932106
-1.9611760192869507,-1.2687247683752034,3.2242747667496228,2.073779981764656,-5.356931177253636,2.0366082871900493,0.1651209639631348,-7.336904459153404,2.0505910309073556,-3.4649959518380804,1.067535530039093,-1.4841750385679213,-1.4253617241975483,-1.2882685329879315,-1.5693757263674384,-2.1759256561935887,-0.4963060546574132,0.3741726218584312,-0.10792822379854583,0.5619156096524909,0.38037255406958304,2.090348996572512,0.0990353432286233,-0.5464195393998226,-0.08179842042069647,-0.008402436241877198,-0.4265609784760409,0.3272526515619534,0.03772544711242376,-1.3514272054393293,-0.10522827707883027,6.906540937805078,-0.730450326980113
-15.503731100151313,-0.9178900049009058,3.001798918059846,8.382717302368306,-17.428865139418715,9.78351775434807,5.094244408716637,-32.215829420136316,6.799407226995008,-9.21535706741387,9.118326422596565,-6.225524734095917,-7.46479120290774,-4.112536132326126,-2.07088567565611,-6.907217411133665,-1.7066193633633173,1.3564035889555743,1.59625621245875,1.5851223583746386,1.9371694937429407,6.286855181393176,1.293353608514666,0.8355003814735531,-1.2642298608217968,-0.43971877014286076,-2.936370613634952,-0.016655483478702493,-1.5363051876165645,-7.121416110096164,0.07627941327718614,17.619563531370215,-5.256093476457349
-1.029507354977607,-5.135165106514355,1.9869306477763544,0.8850651985875969,-1.3138654400418464,0.9787665051987773,-0.8895298895408419,-4.421162114913757,0.6715566390701331,-1.5196312186825383,-0.49841449517756997,-0.6281966661862637,0.49793983407067266,-0.14115009366718123,0.038072374906348294,-1.2228236314550416,-0.23143861687807665,0.848850542931559,-0.8230305589316039,0.47560280480513223,-0.43805627371322653,0.5238766167796687,-0.08896092402232006,-0.2026543648462764,0.10902209824682162,0.28410288828502395,0.30922561033571916,0.5860802384615073,-1.7072102821412911,-0.22332157504293138,-0.9815106464924238,4.259056729045959,-0.07079341394937444
-11.270838218300792,-9.612491622377458,-6.005286300332428,-6.660066831412447,-15.680125086021981,-0.608971217196697,-2.546726883934444,-5.8478128527296125,1.4315439972636914,-8.039793000945224,0.5373610861100264,0.3201690533571595,1.5481082776671418,0.18588467049118718,-6.329342017014833,-3.0031362979992693,-0.5484651742681838,-0.8165611144499597,0.443426196495865,-0.47784056781948336,2.9402231813865285,1.9183763644918004,-2.1329787734416366,-1.641120487821838,1.759433333164932,-0.6345156228046007,-1.5799564096187289,5.359668379892948,6.065388599401391,-3.137195553345743,-2.77011843716174,23.207772380407476,-1.091253031691613
-12.402932340970182,2.0211625910786113,3.989153259882559,0.7279790415914182,-15.372635238150348,4.438999391241552,2.4781880531377305,-16.424838359839367,4.127888804445868,-7.998740540180815,5.435457110833237,-2.915198803181501,-4.406671575994587,-2.886374816121551,-4.164828865827707,-4.358221690596418,-0.9741677822846744,-0.6422250561414581,1.26000742023024,0.6515183782943772,2.5937894706846034,4.47821409018834,0.16611363671158402,-0.6706409241254823,0.13359932233839317,-0.5658230953464696,-2.027051264978278,2.084240981965304,2.9451785772376775,-3.9989678166898583,0.4716154429824147,16.99541749701843,-2.652411924184174
-5.2062265426160526,-0.6398206966243621,0.09595096219018795,-0.8983162078105734,-12.683850025847107,1.697719036904862,0.30384938347542034,-6.553032817010201,2.30380504991197,-5.625117047721339,1.9043914582269224,-0.8806690322143076,-1.5956961005653003,-1.662055705281032,-4.695590763708164,-2.784817318222692,-0.4188082668442355,-0.694546966501844,0.5998716495390327,0.10398807050441627,1.857235012294099,2.8647999273791687,-0.6814719195956515,-1.3865461050469836,0.7213181583920674,-0.5736251467076262,-1.4767128076406857,2.6767967977848226,4.1107111158562315,-2.6251061502650357,-0.2457517309130734,14.890864725001526,-0.8242723263112643
-7.053361734225644,-0.09339380322312563,2.0022392688731108,-1.7702131515423578,-22.107095145126976,6.2813841908293835,2.808349347462078,-22.405393287302758,5.869549017622813,-10.856203691346838,7.231266769698158,-3.6928197173925414,-5.491011274151464,-4.166008776588932,-6.398196875614289,-5.862077057940527,-1.2599103315112479,-0.8145752789339014,1.826004309565607,0.5094210662511423,3.4227634342922633,5.889396658929527,-0.2489777151193729,-1.3977660456809518,0.3807297175430341,-1.0117523926823453,-3.290894164432151,3.3251398577215596,5.0905732963127335,-6.047842406006032,0.18836188760117784,22.673869025507308,-2.6365287319311395
-8.388163386537357,0.027284172026205145,1.3504922020281438,-3.0738578861202397,-16.975673402179297,0.20986150366941647,-1.1015783963528532,-3.9321046829822457,2.250555500327822,-7.095202836969205,1.8121891451535388,-0.11986799711530605,-0.7861111939609455,-1.3162539842618475,-6.332710117250269,-2.376060209164918,-0.3015710904975152,-1.4712326216629252,0.8855045589273263,-0.3037738179469328,3.181975099965233,2.877591053737701,-1.1710376398008358,-2.208971804140268,1.4885810882062718,-0.7144845691614395,-1.6683031869011806,4.317623603494095,6.544070825660889,-2.414162749725544,-0.4895557156376194,20.479123622013734,-0.2744639340740971
-0.4395802879272477,-2.0027837670060773,4.414701162560183,0.7308185164314425,-4.973780705209219,3.4332823085172106,1.0075738456930294,-11.746904134707801,2.5167146765704924,-3.7458320695565313,1.887119012459275,-2.129629142416398,-2.124672841114916,-1.8571373078158575,-1.1264376377832668,-2.7598335131446534,-0.649810089633685,0.7046705364341589,-0.26577770740933804,0.7489275278579169,0.04519306797988132,2.3923838707151504,0.3248446712474233,-0.08120883800463113,-0.4996311434708716,0.07433352230202572,-0.4383873026966161,-0.5239881138593343,-0.6055860113621137,-2.122103714300007,0.0325640085672476,7.557590924375667,-1.0268777176952677
-14.893164377183234,-2.264036282764713,1.5409893236382668,1.8716584499038331,-18.488665434519522,6.15703395412724,2.916365010115843,-22.803897653037758,5.045769940742469,-9.5355646753769,6.257390037231459,-3.965953321870834,-5.138058759456502,-3.5317032781259683,-5.076923533573983,-5.1887431613095885,-1.3469168069175566,-0.19764424610708642,1.626781330097336,1.0409699839333884,3.083341361619148,5.4763694861018495,0.04615781004661179,-0.14025708729758668,-0.17729795672932083,-0.8272057009241893,-2.7533196522082255,2.5384789022864904,3.1388745906351625,-6.379492453910527,-0.6628656457014229,22.454900090302438,-4.051772883758609
-13.004609410724571,-4.059821390627554,1.1128021036352733,-1.5375943656207078,-20.833289141900494,-1.5258753456997227,-3.1234025458187067,-4.281550338627442,2.2697719174673643,-9.424436720665316,0.03300861617965145,0.4022835116836707,0.7256764322955824,-0.8106681797325688,-8.702782843434905,-2.231698015923927,-0.3175169743366153,-1.795619698498385,0.8587014930609115,-0.5119671573582704,4.452811747021414,2.65014743603831,-1.7421807802363487,-2.7377904256853722,1.8895118959642123,-0.6959754445619025,-1.702421654079149,6.221296655513013,7.683709665638164,-3.7338002668766985,-2.312921198184165,29.113043894050556,-0.7786488754783925
-0.964277676579897,-1.569095213697938,1.4777078330582707,0.4682441971508856,-9.588297657970797,0.6386796507270187,-0.958560346759437,-3.5216454278927074,1.6106866343943158,-4.696223970265487,0.2967847467884841,-0.3969534808223245,-0.2789954140595392,-1.0419921011353603,-3.764979503039054,-1.7714368113505703,-0.3076719413084187,-0.47099175934680304,0.12119288480999568,-0.04809803705830429,1.2283999723167653,1.9431549377809616,-0.6831738740342042,-1.5245348145221513,0.7530949447333376,-0.20092196142035984,-0.8136892724756,2.483264511146947,2.835540720235235,-1.453401710285683,-0.5829299620945223,11.81864415594697,0.006295196827904803
-2.261982089876465,-9.980991990770804,-0.2151017068748633,-2.0467298383865518,-4.174745343835894,1.6035717789859483,-0.18746487532014244,-10.471818336693424,1.3606553124157466,-4.0503069414154025,0.5724439000224781,-1.2412971512801179,0.5194716160502066,-0.3211816092060822,-1.1844144270846948,-2.6602919930133386,-0.5578124712010507,1.0084831228105802,-0.693599390556885,0.2955284277066287,0.044037278855336925,0.8503628318192296,-0.47161577816641737,0.2898138207085157,0.16782462606454956,0.10805705374038177,-0.3751252624110091,1.4222591601702976,-0.8017935886852108,-2.6368055859869695,-2.0409919471036586,9.933996005220756,-0.9282552741271728
-2.9567437142184403,0.2840707095956485,3.3921449063706133,3.5790558656299547,-17.81416136424636,13.20370964261598,7.619385727580227,-40.35487640970413,8.320084098569131,-10.062849045961887,11.510787191857222,-7.445175437417145,-9.201029114343111,-5.6521744494417385,-1.213569605778147,-8.318337144060255,-2.025864930818409,1.9812956886703237,1.7720774514682516,1.6266204954771697,0.7416466781937563,7.0079996747518045,1.4230417430161169,0.8767671453558776,-1.73868135000117,-0.7188083494921023,-3.6097530545603793,-1.3188113191672846,-1.5098992980726318,-7.795028706757174,1.3293126588725535,12.86038973951623,-4.681270597936915
-22.689530061902587,-5.686061264912405,0.5073942048022767,6.784795294203065,-12.433104681095314,-0.6624159008280146,-1.4739788758762593,-5.157345363431353,1.4843867375583542,-5.455498840616083,-0.20243366202676327,-0.6341827355128249,-0.1507504456553832,0.07058623220813365,-3.642442544238678,-1.9767989711973182,-0.1627027401757628,-0.2675475761885463,0.2120140460635127,0.35149364459406995,2.840731134154765,1.6234404679947132,-0.23730350958409618,-0.5388104504458533,0.6371391014228879,-0.09844726102826296,-1.0114875202145732,3.1255297872681433,2.5902927029942457,-2.476528814102335,-2.2764943822300046,18.592990915693328,-2.6804945884361064
-18.387356967402084,-6.422036336380322,-1.1601996381774633,2.330652689454639,-7.420873007523646,4.283883401588839,2.1161208348418428,-15.137611713277733,2.6509017583222145,-4.567405136659543,3.596169516967842,-2.8118932350425827,-2.971673122678836,-1.5009107276559273,-0.8114128521593522,-3.906767858635116,-0.8161702085885508,1.1176304903268106,0.2018932391673135,1.1920949355958361,0.967753898753163,2.6151547824640367,0.5434715757840735,1.2576124853717716,-0.5101436562548778,-0.13191224546014513,-1.319703933454666,0.7261099131782047,-1.047899110597037,-4.017600437052604,-1.120035478768958,12.688952210300585,-3.831509972069893
-4.825735261164953,-2.6460445691089163,-1.640453650725083,-4.83304378170417,-18.83033120979046,3.310222315675487,0.6117426196467644,-13.342219141218335,4.024968514530534,-8.971706781764377,4.2652190674713335,-1.9269340509180797,-2.4529211429195357,-2.7706362877018025,-6.437397375176921,-4.600493494840679,-0.7971932925810018,-0.9054234860399155,1.2245701575086052,-0.08521851739701458,2.923048257391292,4.3303083763308585,-1.154276279976041,-2.011794898479662,0.9842416226382392,-0.9841846696146173,-2.7865502123153023,3.9346526614245496,6.036481444394806,-4.423612885612668,-0.4993606193604517,21.555487329554595,-1.3908622244731963
-9.8390518993268,0.7089021550685999,1.456279206984455,5.014627369418324,-16.425391819887384,6.650564843006909,3.4697534433674813,-22.819555618412465,5.114820335387995,-8.548924664724867,6.61534791438018,-4.005607754569608,-5.734559699845266,-3.3563425925423833,-3.651022206390365,-5.441487682077048,-1.2475163398113072,0.05528631792085237,1.507731991562855,1.1017463445779683,2.2443902371855478,5.4266328660220955,0.5007729859171188,-0.40291375199654494,-0.2926897062354324,-0.6464131850178146,-2.4967060742396856,1.229236479341889,1.3802617669679595,-5.546128744316779,0.32641291010044776,17.203132119977614,-3.587361532004099
-18.040149470551786,-2.3682933671409607,4.878071940733728,11.591088014514257,-3.3114965183506184,-2.215308131811017,-2.672624245178397,2.204171868418671,0.10835950395042504,-0.8287759362135727,-2.771935111633414,-0.13264316029058554,1.270612028384579,1.3225956750544317,-0.13057851638512474,-0.030002738897088044,0.042325481048319125,0.31262597279835136,-0.8739403426304059,0.7901478898027345,1.0717071362791892,0.4301710684958251,0.6004658459126283,-0.8678766568613232,0.003378258071354806,0.6791892579291476,1.0469697235004423,0.9719345339364391,-1.4856525128138718,0.6599133548403819,-1.755699418054294,7.90900489091798,-1.4912406247498307
-12.077197836314623,-2.087353735104526,3.5916593419327123,1.8310823712799467,-19.387052623791384,6.728395143085187,3.132083361811521,-25.136631896698688,5.840902925887771,-9.923019411748854,7.24403298229368,-4.400682713111752,-5.4462431272572855,-3.9350834255067726,-5.481616420189262,-5.7147272760944094,-1.5265734025876914,-0.0908248179477347,1.6835107611289168,1.080836751202716,3.2078903325634287,5.854229834952648,0.08978416918104455,-0.12553924368372804,-0.4454127558824358,-0.6743745838346676,-2.8721235295339564,2.3256281807437613,2.5949736696679895,-6.677798398791717,-0.6620034987356902,22.670806451233183,-4.135040321417936
-11.306411963911158,2.332252177422765,4.274943604575861,6.338391261554554,-11.794931404985626,7.569572363662949,3.8479854925615466,-23.33842347387811,5.106455874283078,-6.581573543317289,6.610665647621148,-4.520705337857509,-6.053316252573973,-3.349909311114299,-1.266431554237289,-5.468854164239838,-1.2687726251797709,0.8426057042135856,0.9676322142092981,1.4058004188608186,0.9494832896543933,4.687445462759138,1.1887000785851485,0.30765322967634623,-0.9982507480836975,-0.2135508133358977,-1.7135774111892648,-0.7384137697002184,-1.6727556183634467,-4.4366677320450405,0.8603080294697607,10.950307871208713,-3.556040601423976
-6.621501861158701,-7.286551789608536,-2.036206454424787,-5.136725315129397,-16.048359080743218,4.351804225625683,1.237306507998187,-17.94490561901569,4.041794780009741,-8.652526674819983,4.011138737448415,-2.90127527333205,-2.4883159082175066,-2.3586714951862247,-5.081406391790624,-4.764165846082259,-1.2132369230207924,0.17987449687469498,0.928058928430878,0.38510641051847394,2.282848384337158,3.8567153956657103,-0.8342659281560593,-0.45502444987867413,0.2271127379837523,-0.8386693092812076,-2.3651156102886235,3.207183090914058,3.833302680177312,-5.641001855579919,-1.443833571813614,21.481767868433973,-2.7107676568830934
-18.325584800312345,-8.808334469602135,-4.533858606586576,0.35541381642860403,-6.545405871966696,5.346707117195898,2.34303604499495,-17.114523468620703,2.350699260682842,-4.639131863638411,4.150046165640393,-2.8915144166483913,-3.02346357045157,-1.22026863279431,0.08666277701564384,-4.472747715615731,-1.0164515067424058,1.5981321790750098,0.013900503867702807,1.350984679295741,0.5785923088444345,2.406061394445034,0.6921227256288651,1.5653932381964446,-0.6316919968041886,-0.06514425458179407,-1.3452830086847407,0.5683159379535163,-2.1770837496350754,-4.263578599869362,-1.2835675855341018,11.696372430745754,-4.341511878087378
-10.7220735399143,-0.10181700711710184,5.842796084883283,7.46935166055602,-2.409033985695542,-0.5104199694823666,-1.5995910642779108,-0.4964779638847503,0.7102414961433339,-1.4950988294224556,-1.8009946647268564,-0.5558903410518723,0.22542733462728703,0.22487366956523136,-0.45792930677880017,-0.5208569943994288,-0.18850107776939828,0.15159930768660335,-0.5700819383063315,0.7903877229220748,0.569514308439306,0.957045582840987,0.41086732774160334,-0.9501566986156549,0.12104331641595249,0.4810212766323365,0.7565677620841,0.4387214289056458,-0.6676670376308391,0.45773046696021646,-0.7497019551843811,5.890087068225556,-1.0318652304863976
-3.2409332431066993,-0.4790452778046824,6.075799904420092,4.275777107061331,-5.343181718384015,1.869323141996541,-0.022732991678044545,-8.307235787432628,2.3194454925201313,-3.6042988076898506,0.7583183688444688,-1.7866340168006705,-1.7234332367508078,-1.2772105215441896,-1.2978033592598723,-2.008829269010472,-0.5819930803152285,0.2835612590232807,-0.20422922554572664,0.835894321354683,0.6541138912066673,2.2749081697776505,0.4000661533988407,-0.668116083232204,-0.1739110576833893,0.1906867354459928,-0.12036725296394457,-0.09531899878128969,-0.1603038022044181,-1.3314419135080513,-0.18362844042024645,7.948451137002774,-1.2746489538950792
-2.7782610101760774,-10.726679692096122,-5.686366192327821,-1.844069232119093,-11.721559033368651,1.2454933168193323,-1.1468257251293839,-9.6778128533768,1.7578829220462233,-6.834341248424497,0.2988684404910109,-0.9961200341946792,0.5775171427328445,-0.22770745985111995,-3.689101405506415,-3.016079542060794,-0.5384656745634516,0.039705362428928415,-0.029141046059943054,-0.14283681557186145,1.3957448461402546,1.7682520836432765,-1.2398554475096757,-0.866524707617703,0.910264249957398,-0.4121860766813662,-1.5838099534865675,3.5714192459419056,3.0455613737174163,-3.6238962825994565,-2.471248981220115,16.445606272684046,-1.1649629519766664
-14.246362658920441,-3.452852928914022,3.952975385414273,2.79333750052335,-3.4673280078052056,1.3257208212777298,0.2095738212634246,-6.457489198619349,1.4617775330839191,-2.801408529918796,0.39606051246879614,-1.5858466806454365,-0.9547473733077148,-0.7080072981259562,-0.8072403216287896,-2.203190263245464,-0.44314983070169306,0.4832476157414705,-0.23075323947128024,0.8877136947172221,0.7110770371396964,1.5535753644195478,0.19956531875585992,0.3272477447916283,-0.15702884133380635,0.2408215695179401,-0.09004585098971507,0.44869090058193506,-0.6074050561969395,-1.5143504689559935,-0.979048280807902,10.221399516288209,-2.1271816476855685
-8.245309656196358,-0.16845088869695723,1.377524224508031,0.977117614511897,-18.964047249212197,6.081216028283796,3.0110712693014756,-21.69707544134303,5.201017265566032,-9.556308414243755,6.6124322164391085,-3.6310638030396625,-5.280451416517243,-3.7903321041772666,-5.225402929972889,-5.4127657448316935,-1.1399122800127481,-0.450954255690843,1.6791465128995173,0.6925417469569783,2.7961664824655683,5.448551509309305,0.015713497653053687,-0.7253505334883201,0.12126122057302917,-0.8719742165590225,-2.896126293057913,2.414531368972018,3.301129396620111,-5.670029455400954,0.10124953355402534,19.149596454120502,-2.9580564049432443
1.418341324939254,-0.5414836967963492,-0.007951004324745936,-3.48645746920502,-23.284423333926924,4.980548918584231,2.1997109330357847,-19.59621864810528,5.63148032768537,-10.780345719230471,6.594284135790667,-2.921320616938297,-4.473162474109804,-4.1762925480093855,-7.152182614414482,-5.907952721873922,-1.0931551349108743,-1.0697523251229193,1.6942825609914627,-0.044137053632349876,3.2927369444570767,5.748859548899064,-0.562930055928218,-2.4713312561343006,0.8225907165781813,-1.2933423968653006,-3.43956785602081,3.854259199901203,6.3084167724430245,-5.94829936214293,0.15644049584730407,22.155157341460118,-1.4963116064496524
-13.171438405537721,-5.830471532582721,0.7562845306524069,-0.7590165712513449,-8.568924945077713,6.946713595880351,3.683757891950634,-22.932290898103112,4.150371890552618,-6.043436641645402,6.0617141618372035,-4.087214601540144,-4.478981942448921,-2.80157693926523,-0.8474579304356609,-5.148196867165268,-1.3657184538845715,1.796651777157981,0.5291868773638848,1.2956306059199352,0.6456071723215702,3.573175026686217,0.6912354642376809,1.675778881282178,-1.1973929932943301,-0.259365770570125,-1.9105395473352966,0.0548239038915137,-1.598286171673693,-5.122060753325498,-0.5613080010162089,13.059160698904362,-3.9998692158693077
-2.643617252444118,-5.958381935326502,-2.056558161317488,-5.197900348703898,-13.524509688737252,-0.1740736320866647,-1.8519675966852858,-3.737326451056001,1.6787798558812002,-6.381211883135297,0.34597140190426234,-0.05371292303560882,0.9461571116168015,-0.48166256847787947,-5.631994498629737,-2.364495925511659,-0.35863217769849237,-0.8670728649036897,0.22545100866828516,-0.5378599323221006,2.0019735745341745,2.0108111447217665,-1.772155361425499,-1.864469430435881,1.5252500143803749,-0.49836941774639043,-1.3099702233380506,4.41063102034662,5.179989385691512,-2.6155802156360153,-1.5409700117667473,18.580396915636356,0.020381475324556142
-13.473250206178928,-0.7036937278057347,2.4442662123078454,-1.001621801973403,-16.554016038992813,0.4770607701415739,-0.9128553084058662,-6.175495673848936,2.588048519677231,-7.73256585375584,1.6023284002203524,-0.7599207728744368,-1.2652642722660672,-1.6591228330940444,-6.221437623800096,-2.434241444039918,-0.42048977099226864,-1.3083631810031264,1.0144691404546915,0.06828070051692314,3.3660176654574094,3.1168082787062534,-0.8837222749587954,-1.695700419982334,1.1686487726777077,-0.6101212528104897,-1.6020916884902618,4.110097459214736,5.698092026429308,-3.2007522314041723,-0.9585038081452341,21.80557766334897,-1.4278968882662009
-13.084729720644964,-4.221723459096697,0.46248311313312185,4.801498788837639,-9.302088419477895,8.784370952742043,4.443012815014052,-25.15341741046543,4.794650513559418,-5.670573288261538,6.8023171156804025,-5.088069415665739,-5.766732391352374,-3.0189303137817305,0.3631778302422246,-5.597691174003071,-1.2073120610203278,2.117802517421867,0.5935351880612092,1.616499989456217,0.4753828785775456,4.358575972717951,1.2038871589012914,1.4738905137347211,-1.2297901016441348,-0.20284587428985446,-2.0126687969256194,-0.9322606877563733,-3.273571189125058,-5.641196895298298,-0.2497427735227164,11.296688096849197,-4.5448061334648795
-7.598648465617094,2.278533863057599,6.146564247062772,2.7787424603136923,-3.4419533981881543,-1.0530959433628646,-1.5463543102229949,1.6866835338938966,0.44881812344104866,-1.7351186869965463,-1.200827793401205,0.09261229144726446,0.08719996607848213,-0.019822619647215323,-1.4254831840900435,-0.40763470152641057,-0.017015715558685973,-0.32678436291850765,-0.4563007598390948,0.3002279822221027,0.7860723493339241,0.7892091598795901,0.2444448708245694,-1.2935017104457194,0.48199776221586593,0.23215052001212466,0.6888961493439021,0.9778239667470832,0.28894415588318334,0.8670675770403675,-0.0893653734307723,4.644602811514007,0.022748391711814975
-14.984750918304975,-9.85982566391195,-6.099831698230803,0.5632045788486129,-8.428319164958443,4.529058427668907,1.2448926788151475,-15.146078681254254,2.082314132690265,-5.082443798439648,3.161596987539985,-2.526745078277889,-2.137723368906302,-0.7267256658495085,-0.39684924061658844,-4.13879005060514,-0.9192387346414953,1.1971694080713935,0.07838666073561162,1.0577584931105395,0.8582443724701851,2.319544456575128,0.2198081165282036,0.9802111219981495,-0.22359978505496528,-0.16739010845719848,-1.4608073527836183,1.3594167507998431,-0.9506097412000698,-4.1751047968694195,-1.637679804844812,12.341359075002215,-3.886427931382395
-3.0726383757659086,-6.59743816245037,1.6186793564241118,-0.2839233297091398,-2.7334153641717425,2.4165366385392595,0.4407843667457956,-9.855731648083047,1.5465429823490218,-2.8601074993571727,1.0665002938912003,-1.6190198108894123,-0.368145512088804,-0.8343803756927579,-0.1437194975136049,-2.5179151302653517,-0.5551173688258915,1.0912381295462428,-0.5454203223171193,0.5783449257186712,-0.2720217688766613,1.2231752544820282,0.005017108030179629,0.47129448007194863,-0.19841105143061585,0.1435055217384058,-0.23575806046430303,0.3651325629385611,-1.7557572365280252,-1.8658463848669338,-1.036720861274763,6.9442276659273015,-1.0605714975017482
-1.49736352675394,-4.3752203671123215,2.3217183699506396,-0.362190159036781,-2.902621459821048,2.0229408290115045,0.4132581656198555,-8.458742623975128,1.5310578076040444,-2.739143516426951,0.946343582788892,-1.5714983383415184,-0.6642828528895413,-0.9663591262676876,-0.3568613016390616,-2.0843870543293255,-0.45178200075287966,0.8147213785130307,-0.4494939544043378,0.5394311725542908,-0.21950376061116517,1.488236611665534,-0.05464672043922916,0.05064651373099348,-0.1027674720669507,0.061718722961081496,-0.20998677398657972,0.31491620377659657,-1.1345644595023079,-1.470619283532642,-0.4987745820560867,6.323837189406353,-0.7923911311396123
-4.214174820578322,-1.4200416615680211,0.5173084712856916,-4.148283794957705,-17.015588778658184,1.9548897655193704,0.26769935497417596,-10.380617793091181,3.4269934639848794,-7.9464837491246225,2.892551654151399,-1.5317442557085186,-2.083175042481487,-2.4223185106347116,-6.136955842526476,-3.4682944360772896,-0.6809290702714161,-0.9985109182858444,1.018715635997163,-0.03439649805993017,2.5852674991375637,3.7355004641489247,-0.8958814978232466,-1.8576006895272907,0.9004042576956918,-0.8584927399545497,-2.0426449848759693,3.500140090532863,5.550947167331726,-3.923349847847228,-0.29186578744897823,19.97475279324544,-1.0868142860590004
-3.801299442116509,-1.6914516822624315,4.5564846014799265,3.187355856640083,-1.9675132907781698,0.15947190831804248,-1.2770640189054947,-1.9204898932953665,0.8078729443834844,-1.6656194394861377,-0.7945849610765046,-0.4967806629481717,0.019765016991533102,-0.4243281830495267,-0.7582038600890328,-0.7208688035697208,-0.18348957336486038,0.3681894945854237,-0.564240645919046,0.5287904821413572,0.21805329902871073,0.9030448553761241,0.1371857546674427,-0.702824487015296,0.13988334066854746,0.298793123908473,0.4754950698793723,0.5959000956579326,-0.8570809921646907,0.17154773989601768,-0.639502074843495,5.265356286600229,-0.23836101243243135
-14.018356201379149,-5.826214368681819,-0.1791274923947943,-2.2433168601753875,-19.634783921434614,10.081086865786785,4.832960165818079,-33.61763670014092,6.899323781741071,-11.179826484613999,9.791226518936403,-5.695808567868275,-7.073875645094061,-4.469985605485805,-4.056798310444809,-7.451630823240885,-2.0831210655258863,1.3832091576409882,1.7811071834842012,1.2043272409819847,2.5287767057458823,6.063983406784273,0.5007518957421974,1.0123607627058937,-1.023604042177338,-0.9629288946352248,-3.5760586195801833,1.9664614092536203,1.3062014214649174,-8.354597402490528,-0.7299792692398808,22.196738163825756,-5.275698359134749
-11.05092358146895,-2.1717751848337956,0.5899887363350673,6.49240025827972,-7.674022942117368,-0.13450159615119173,-1.03255166501059,-2.623564639232127,1.0132340818698262,-2.8851938555391,-0.6471991405436852,-0.44861833106336,-0.18563730271191892,2.146628136578954e-06,-1.52630921565958,-1.2474724716171797,-0.24435035630421142,-0.13918067614340657,-0.14929797536934453,0.5597713279163599,1.1877849067749247,1.590689361506394,0.027116344355024996,-1.0787964833387669,0.37104737334987165,-0.05143729185890111,-0.3849584433151494,1.8025845489717767,1.0215132335105648,-0.8363585770677426,-0.8548170302066055,9.504502976848645,-1.204488917197333
-11.60716668660342,-0.9178154510370125,6.994778084935637,5.723493470312881,-5.117766592800929,5.574698918407044,2.1833019049785194,-18.388482581162734,3.795090565401893,-4.043513577459042,3.6841593718049745,-3.8290597968306392,-3.863537149791867,-2.184374568199453,0.5288139144286053,-4.022872499084584,-1.1091676025349377,1.4632680909156788,-0.013852149004893732,1.5381413157928223,0.11794666551643562,3.1652199559382446,1.2299599443419382,0.6636230542819743,-1.3000360066823284,0.3151489629988611,-0.5239621385532476,-1.7308336676744835,-3.0316233038305085,-3.1017923844913593,0.019108870349444862,8.927166421522177,-3.1703662077288826
-12.633573644075234,-6.38539962922292,-2.12873168815934,-2.428290013678447,-10.174260582866719,0.3003145518741541,-0.9357771862035933,-6.627040836392963,1.2560355801701342,-5.722695859401041,0.8371995479936483,-0.4988477229616808,0.21445329324610407,-0.3085848753703755,-3.9210513328589185,-2.498693832493667,-0.43167708365381513,-0.2717488180888246,0.2263995441967006,0.1949037672503482,1.9010975882205576,1.9248143264660893,-1.0584471740425503,-0.5601984578064934,0.9277867892185626,-0.33144183298220165,-0.9983490237524622,3.0904017818194527,2.9334800487485166,-2.6161577741187556,-1.75067495781546,16.655401655276314,-1.6004186119769108
-0.6863492283214594,1.224317474545077,3.0630062477817748,1.3820845843371699,-7.419565097647082,4.2686830100514825,1.8344666438703816,-12.23593460039907,2.965799325608253,-4.189893861082412,3.254126435991612,-2.416382906145842,-3.27178082956507,-2.116876365783268,-1.4909790237866005,-3.453765087418592,-0.7066389496644361,0.5038309194677468,0.17911063959231066,0.7412925910951271,0.3409900742718579,3.1422021674326803,0.4292824520891355,-0.7097620742090149,-0.2896371409180708,-0.16345823881798222,-0.9319346361706154,-0.34115671821154026,0.17982763229643028,-2.04033401717835,0.7863726778295181,5.972144642569761,-1.0513007203785103
-0.38656545944443366,-0.1835245057924907,-1.8286638850464643,-1.6212427010384456,-23.79219945358006,5.673995674727515,2.356669635529664,-20.022583814159816,5.433719239212791,-10.700884507599287,6.65683272231431,-3.092129133736978,-4.750438333332207,-3.7652768367569243,-6.55935713229309,-5.629576512957962,-1.0882703505599358,-0.9233890528181034,1.7732405910441926,-0.005826174968727393,3.2765763758120077,5.75513176303947,-0.40007858516112127,-2.325035905999189,0.6891842323660311,-1.2502016038441535,-3.5486862745002092,3.8391829575228593,5.94693231568842,-5.8892297509301095,0.20731209793643107,21.672270962659738,-1.789139359561338
-15.254873580802995,-3.081108005378619,3.7924664824726517,7.386413109647984,-8.408347537689327,-1.1795805103261752,-2.065533394981864,-2.1403917442915006,1.0504895974426065,-3.6983276123186153,-1.1134078520236135,-0.4155333046756362,0.1489195220220223,0.15084453449888935,-2.6297810779073263,-0.7983634501658128,-0.1858520001177063,-0.3939902107267605,-0.059590098258165525,0.4895020367712585,2.112049449220996,1.469600690533706,-0.06613458336547635,-0.8964430702820618,0.47504288324254046,0.21760820979949524,-0.23539841937963768,2.3193083676970456,1.597257514241648,-1.0563374937065348,-1.6918110990736885,14.467972677806936,-1.5830700902988852
-19.19601831634651,-6.9245314644438025,-2.336167246719292,-3.1519753681649285,-21.27739949408453,4.461765946628617,1.3069097470512943,-19.68264408179523,4.820439954735507,-10.768707127207183,5.454454194671749,-3.033021171942165,-3.546857910221174,-2.6297972880331915,-6.799152745065873,-5.275014326271588,-1.3503996011458894,-0.351962294789392,1.6558839778386882,0.5200352534240835,3.990427833541819,4.800307571700688,-0.8302847607815076,-0.5656599291196918,0.3329045943773603,-1.0785128820655632,-2.8756779707492317,4.315259523573815,5.614971240336208,-6.77293216103198,-1.9977787508129201,27.8595242239157,-3.9578223259416196
-14.439323206540726,-2.5123861065274773,-0.2570695990783358,-1.2250930668142193,-13.849500738926697,1.7436547422863784,0.3438747532703115,-9.340386518422829,2.5828038033851435,-7.045977287203657,2.4122173805856395,-1.3190464640014101,-1.7314767517301273,-1.7233466703037092,-5.030695059114425,-3.1417873141797696,-0.5215926865370102,-0.7455816156363021,0.9515045023690312,0.28507088528333924,2.6632760120302392,3.319736840336068,-0.8350175774547379,-0.8140093052216426,0.7146472493318515,-0.6930203900881785,-1.742251490031836,3.1366187675557513,4.2861965043249635,-3.635600379668142,-0.9068354654754407,19.546814267034915,-2.1110024272195997
0.23137039814775662,-8.354187420269074,2.2523086342032714,-0.7960181304341557,-4.845946078523123,8.736228861247467,3.9172065426847955,-27.547497190010603,4.3817992022237,-5.00739317552499,5.8791380562428435,-5.181941318006288,-4.143726620345976,-2.7566648695963494,1.3539762081983597,-5.490297079931385,-1.376563703502234,2.971851360027419,-0.18516844693070234,1.3735398694434249,-1.1239578150740954,3.098496938417252,0.9701736641964775,2.130054438084637,-1.7646795679292626,-0.14414351813361542,-1.5700971357529758,-1.6899078872080266,-4.257829342055878,-5.466224739218689,-0.5596525798942983,6.838494384495241,-3.0367544568759195
3.10153419187362,1.3575473374127751,3.8597155465292388,0.12622227158684507,-8.016323050461743,2.1067318047270445,0.05285515118705986,-5.474204870546718,2.14595213458794,-3.8295543328210426,1.3922315587382035,-1.1094892055032326,-1.3371818289788204,-1.379244722761581,-2.6659191177812267,-2.422960234070403,-0.4375802714563123,-0.13754460283700448,-0.1727204889254489,0.15527892155567236,0.5637008043377771,2.31663180753191,-0.06987557007357989,-1.608009575490553,0.24837084519188463,-0.03610148638956423,-0.5213177756604725,0.7474009159372448,1.7576213700521843,-0.8760641529555251,0.4745473220307503,6.48353062965764,0.44418192970993164
-2.845617034747029,-4.395171516046438,-0.20514836089809552,-0.0604442703258502,-4.150686149726769,2.5250793981818047,0.7911110352457154,-9.10031622084395,1.6606464093561064,-3.0796481401017304,1.2862784160215028,-1.59178406921081,-0.9397383464718954,-1.2201998313724873,-0.5910999200885771,-2.548289957526131,-0.506079414823294,0.7765328690730607,-0.24003435161077757,0.6388179832847767,-0.10372389700218232,1.8067297050046136,-0.044733275213304204,0.032414512758335845,-0.12669401918390089,-0.13663228123961663,-0.6468760024780131,0.5589661848552824,-0.5688585398611248,-1.9501209711969623,-0.4203333017124634,6.604615373669919,-1.0742541792751954
-6.185740065259987,-2.220277856860581,-0.2186403884946897,-4.371706175507451,-19.533603721736178,3.6582824445701276,1.194073445287681,-14.255074409313282,4.391064783879398,-9.246433214539419,4.510517479430063,-2.3989879725399326,-3.1557737053568893,-3.1241327657117086,-6.410556862144514,-4.587711197746785,-0.9521934909549125,-0.9542172718806972,1.4244964986651456,0.11254255308069061,3.0457769351277957,4.678382570848503,-0.9148633922747831,-1.610183600905973,0.7221699409901771,-1.0123627292614983,-2.7283637362664077,3.795713796721186,5.976971881275023,-4.95540546502675,-0.3605091620159197,22.95493302591695,-1.7518941413545452
0.8167633294651999,1.1313457008036447,6.019641913213044,1.6703124269046814,-8.377194664156217,6.452399473862664,3.0665585959635995,-19.037675471234778,4.276659592737252,-5.234712954356429,4.798445673146773,-3.830594697070139,-4.77104765481158,-3.01696230437068,-0.6204916040229613,-4.38801359699953,-1.1162724411241023,1.0188706558133895,0.17021688160360526,1.1242685858976935,0.0873947303496656,3.7980517105937714,0.9094989317680572,-0.3308752750300358,-0.957058073759428,-0.05750678212037019,-1.2077220195252423,-1.3883185336181494,-0.984686724611862,-3.2308888152743833,1.1074116271757006,6.589823483628859,-1.7735512953663402
-14.473566563055108,-0.5424651148842554,0.45012264901491905,-0.9262312550474675,-15.925270157544313,2.6143214689532206,0.6393010639332664,-10.617945731902289,3.043154645519836,-7.635294435658857,3.333138365409607,-1.6328202865925274,-2.507129951576614,-2.0833261639098626,-5.417898666344121,-3.607072740047805,-0.644592127849021,-0.9780679388107936,1.123821456101498,0.401969595224628,2.969685244527219,3.9142388624989786,-0.6692346857615984,-1.2047754521771825,0.6663576157217873,-0.7359497919947702,-2.012723916581302,3.1617245117052533,4.718813075252603,-3.9290288258627455,-0.49515944307477533,20.257037240658594,-2.3150159881925934
-12.808073846595683,-1.9671129732716661,2.598888180370764,2.469235613021967,-4.097752148426355,1.8677071747474612,0.49708035187480726,-7.098513690926844,1.5377283888512177,-3.0200910317200056,1.0155995778299518,-1.460879630040071,-1.5005979796637248,-1.1671628962585894,-1.2312934374299218,-2.117754743466391,-0.4036590162252908,0.32940925124365994,-0.05983270751839409,0.9021338319634574,0.797368385439025,1.9890675036958019,0.2376367412532565,0.12960844812155412,-0.11457864499561744,0.023843096994707436,-0.2554868244876578,0.6485019928661936,-0.3227574315762811,-1.6150322269698898,-0.6196169063539577,8.84634376588508,-1.9655711924829453
-12.293899931403704,-5.225648154860661,2.9419296701903246,3.3505458621100455,-9.539590292137204,8.121050329113348,4.634960792228954,-25.772640524501,5.1213164475446735,-6.2510116251995385,6.822117305539866,-5.173227253716247,-5.508139208112757,-3.2908707214371518,-0.2297992027189384,-5.610180748448972,-1.440950142460847,2.04475147488734,0.5608215861497272,1.567867519389171,0.6342175936673529,4.380945639361162,1.090451271937553,1.772085816888056,-1.4978816021688293,-0.1606029525323609,-2.059531341808487,-0.7595562111389536,-2.4348509147248527,-5.957786340087071,-0.46182454756998187,13.899620864585174,-4.5461732232576315
-6.03104553568128,-2.2986500391683027,-0.3168013764558104,-3.83047162208798,-15.348974914736486,4.052081297907681,1.9552406564654128,-15.164859121519202,3.8405681641768012,-7.962502909162128,4.4680091929561785,-2.6894556726749896,-3.3524219916087894,-2.855040249037015,-4.6759672735274505,-4.365383690409383,-1.0001741232430899,-0.3134531658951862,1.1787715815860755,0.3701083330196657,2.1140050164742883,4.206170943445096,-0.5111171088540856,-0.8532138294446501,0.19649319101974821,-0.8255540482015933,-2.367741335351675,2.5459612060190304,3.9835232067633792,-4.477331014460616,-0.08678757418335502,18.385977718117953,-2.1936469576897477
-10.000170736352276,-5.2301610097268165,-2.2097994397146747,0.9311975350192613,-8.576370960282514,6.807934224737004,3.3439721575015504,-20.2580556127225,3.6176016941443794,-5.858450372085138,5.303572728634985,-3.682478072183046,-4.316754636110606,-2.483659981476809,-0.6557363532510951,-4.965048754769233,-1.1010629528604787,1.4384888529073119,0.5469474139605599,1.244503120839993,0.5065532398558059,3.5393716450147514,0.640642288973857,1.059088640072492,-0.7551587076395772,-0.3792619636259653,-1.9283511517128393,0.08855778937385161,-1.5974122735312077,-4.818822046368397,-0.3643258418463634,11.520535503636031,-3.774402263220444
-14.465420678312784,-3.9037479881195107,-2.043092305815871,-3.2116249809086566,-8.958733769927093,3.4378479000275535,1.3855544698861815,-11.032228008848598,2.0931703675499187,-5.327654098556035,3.240306666155998,-1.8619179818277105,-2.0696723311516996,-1.53519603936626,-2.7081892298025734,-3.741250675917761,-0.8278393717195077,0.23986016559680812,0.463712433978834,0.7798967440112109,1.5594034288933476,2.991093641840356,-0.40582353180151554,0.1942183831909556,0.061274753722000655,-0.3125404412853408,-1.433769108058688,1.7416495596634074,1.5426488766760187,-3.2376942533848014,-0.47704078403371347,13.397035708368765,-2.7842719736062955
-2.7938728403764976,0.19840036364106273,3.404838819057243,1.2810458548293076,-13.83766650273417,7.631115646005256,4.3650187591593,-24.42622233341578,5.452733481869785,-7.599020553226062,6.994836285776405,-4.587741658537167,-6.000399223117384,-3.9141021780237932,-2.1539163966984125,-5.637599963323359,-1.3540943118542574,0.7590965570121964,1.188321000076578,1.160527435302951,1.030547668034167,5.039029684805355,0.6459803142957066,-0.16496453046188114,-0.6927789026928003,-0.5975679271190022,-2.3319793437941483,0.04723694242778853,0.35612512812989583,-5.070989820918023,0.8718739093813215,12.291164272563137,-2.8449069189641496
-10.580996679629745,-1.6610881081270055,1.590738009961747,-0.5696567262272366,-16.661330269533885,4.490722219453627,2.102228036165513,-17.425077333937544,4.415244958962662,-8.665248844268106,4.995837026065793,-2.97569772931134,-3.9732813647430603,-3.2318162506792802,-5.345479824142876,-4.582960429220915,-1.0209640990895168,-0.49387968331116044,1.426710192758634,0.6745944949247622,2.7755767754487097,4.758307964842837,-0.38218031183421086,-0.6279130731774785,0.23686856980161924,-0.798443780563332,-2.50547041012368,2.6942884616119525,3.843261924376397,-5.20296404864955,-0.4394184259397796,20.450778981552272,-2.8822653572219052
-6.953505724190742,-5.212756615343061,-0.7066768923288858,-2.542648076611109,-12.018717915786358,0.0434991125016615,-1.355031420414182,-4.833281052202798,1.6267252751565944,-6.13892942753533,0.14778667014210667,-0.28851958172597714,0.3831241389838471,-0.7637693072107146,-4.959302114543746,-2.097042680718128,-0.278157441835742,-0.6565743657276634,0.31368625269903705,-0.20575321743417352,2.0098515210965338,1.9861056710105347,-1.3576873886761245,-1.3523400930742888,1.2104858622715522,-0.4284819038106874,-1.2062578109134614,3.74563237362773,4.335196801254588,-2.592110735200803,-1.505237261876363,17.728699472110975,-0.7111950317320588
-13.795093539372889,-2.405795343405246,0.8284660073797634,-0.39550682420793193,-16.776998911121233,2.16951480700315,0.3529913994419345,-11.551171801246765,3.280749000960329,-8.318510487842266,3.010829083943272,-1.6336284080319876,-2.143372014042529,-2.1278885759910646,-5.923492969353875,-3.457128060002072,-0.7101685492117662,-0.8925363269752348,1.1583222368203314,0.2918994768713006,3.177299359115043,3.77165254669732,-0.7726925388387149,-1.1111102959572021,0.7344580126857811,-0.7593506381764233,-2.0707297092253767,3.60418540943438,4.722230693745856,-4.342095253619822,-1.0168738397288921,22.509182244526738,-2.2069308708435327
-13.094704405370047,0.26876642660805716,4.889608743118882,1.06598695821074,-16.508029250081506,-1.3764977763073145,-2.4419532352494255,-2.289493911304046,1.9215819960052622,-7.079393349824238,-0.1783249934645852,0.055967744444490375,-0.17824880006731103,-0.9680063776752623,-6.539646148844054,-1.4930240261282677,-0.2755027682264831,-1.5672571325512443,0.6977283511101796,-0.1670863896561553,3.59622417224135,2.215333469517754,-0.764776182938701,-2.2831321350649634,1.301021853060104,-0.29273958298423264,-0.8711271980595985,4.536981468840114,5.666470701001353,-2.3132449449565535,-1.2635611410103484,21.62302556427552,-0.8967151558294697
-2.5698118285068343,-1.337779803119031,-3.894525598593553,-0.3678294624020252,-20.409002234377816,4.263286106585049,1.1405596150063377,-14.520109980199342,4.374512149260696,-9.119117870571731,4.591885369090848,-2.3840867837389688,-3.1846099848011504,-2.649382469038991,-5.801388301512048,-5.032517005537305,-0.7789270935972679,-0.9670267169309237,1.401565204746506,-0.035087363317463316,2.88540319444939,4.89292879224819,-0.8529606674033563,-2.3752430255672503,0.9736665245890762,-1.0172309959425414,-3.102524932808313,3.5987121392057597,5.726093757386392,-4.610692112988561,-0.3011051106542156,19.302870789344183,-1.4479457928049355
-12.110394575235704,-1.3516988667017824,2.6540862898965054,0.7101987519770008,-8.070354160620742,2.9260660223462853,1.3991888127613086,-10.313540744640687,2.434438968618239,-4.760506035095458,2.5664348908592496,-2.1236859808120374,-2.5085293030210236,-1.8021365451428868,-2.4168012974486808,-3.03149555760582,-0.701496082183535,0.06015414096829563,0.4904851095732223,0.8557822784359996,1.3618744970432277,2.944049748176053,-0.014473778233649384,0.11022785655609277,-0.08266258339502688,-0.2294804928271943,-1.0618831073230337,0.9178051933438909,1.1896060069567458,-2.769782756133665,-0.17682017115908127,13.016106174722234,-2.3954599672670223
-1.8671190881464206,-7.119952261023147,4.197426325481775,0.6854929873174931,-2.6991596626333845,3.0549107178601065,0.5956019800754413,-12.443669679302328,2.160114671031619,-3.249766586040147,1.3564859745935025,-2.3398086929098865,-0.7040187474062947,-1.0898674360939946,0.1826473842063998,-2.8588719407678798,-0.7310800343831884,1.32951519521597,-0.6176162219172611,0.7203300018411858,-0.18718838306749475,1.5396529623027169,0.09538413504235858,0.6095744622918906,-0.4751405343348882,0.3532771958737527,-0.21445847254024897,-0.3018109403736162,-2.129854157816186,-2.3790253577278726,-1.1526072401089003,8.198334646033217,-1.3495550982068558
-7.559376248667079,-1.345573027996491,2.1859274475350685,0.07237261638934678,-12.566547301088844,1.269131029451779,-0.24238687190041786,-7.385011656467481,2.6733030653856282,-6.195216733888254,1.7463202856425204,-1.1825731745919814,-1.4436721165913045,-1.6446905151599125,-4.620115906634827,-2.6520595191549514,-0.5052937910413953,-0.6241456704399088,0.7114333636079656,0.17162747694894764,2.18968144535383,2.8057122803525885,-0.6231564520575019,-1.240958111130386,0.717311557151045,-0.42480085905060194,-1.383914777331199,2.672497010594925,3.5927682063806494,-2.67257935593567,-0.5925631720222685,16.60745102212346,-1.1228857841115116
-14.361111434584586,-4.221773871925308,-1.43641456909143,-0.1244286109741356,-19.54462885086783,1.214056805723934,-0.8176244888236286,-9.914759094046012,3.0018086801914365,-9.009280617249967,2.2181401621437207,-1.1584955452860721,-1.338869382809592,-1.49010283078761,-7.134876914654395,-3.2364901031343805,-0.6682747727717726,-1.2217112685730303,1.1565677948756314,0.0793932334120917,3.685755164604889,3.838582697019501,-1.2916457736703841,-1.735858272026752,1.1313255777895406,-0.8514135348707648,-2.2625601238868733,4.562803624779691,6.558838401198061,-4.475058647965121,-1.6817584029599577,25.370235634085375,-1.9811113029715772
-9.497156387715858,-4.542057452551953,2.2154918211842327,2.7056115608737668,-2.214658720281907,1.1954314658136829,-0.3131715003565061,-5.513175474206555,0.9959273043400363,-2.256006948704778,-0.034392226618277455,-0.985382597753732,-0.2637701784168578,-0.40489710826749903,-0.23783256901166805,-1.5495214045444372,-0.2986650043019152,0.6871351488337881,-0.45520609454696037,0.6930007618710569,0.15772678114438432,1.0534995920691146,0.09943778571969812,0.12936130015606712,-0.05034094527831368,0.23969559849276578,-0.04094179645209661,0.6115453733105505,-1.0971709506724268,-0.8768286778962908,-1.0219936022297191,7.19809692332395,-1.2479992953240855
-2.5389265210007164,-10.616905939138713,-5.250237260016761,-7.248153321123065,-17.50724108657183,1.2671547829432392,-1.4495720930574634,-11.325539732063913,2.7495703670063634,-8.993115885127681,1.3205112823576886,-0.9965526480531828,0.6648718866190562,-0.8740007348475225,-6.468954712799739,-3.8362823991856163,-0.7820896003557272,-0.5346462863781862,0.4320259719702495,-0.5300589050549257,2.6263257451715125,2.6854906140467225,-1.8719532754374855,-1.7050191439731377,1.3291814717147976,-0.8306041497669322,-2.093351789226314,5.104717144218063,6.2380765890542325,-4.795514543728212,-2.692990785230606,23.434457748568825,-1.0032702553493027
-13.221797047391169,1.5131287614890934,4.426479498545399,6.165403997339779,-13.562730079207883,1.955194555784853,0.4483544876339429,-10.34944568228973,3.1834092081311116,-6.635320701755068,2.180855039622543,-1.927226135485206,-2.769379222699349,-1.6942536256631429,-3.5191715110581594,-2.917042404706043,-0.6951312633633797,-0.5537687173428721,0.8630552649813467,0.568142047627822,2.365869049938533,3.1650896660788623,0.23325247940641597,-1.0854785806801897,0.09913842593303722,-0.22975835363788027,-1.0983928900264683,2.037243670818188,2.2126425492694843,-3.0385208975585885,-0.361556542988825,15.550359402862831,-2.2342778221311574
-2.7106183686270295,-3.9732313732330535,2.6757001527688145,0.13689675316116412,-4.139902487478379,1.4137259665251158,-0.20010792013666645,-6.318204756534599,1.3962449744347138,-3.0693138437485503,0.5609990725921916,-1.0933598546671432,-0.4680589163330704,-0.748648925274404,-1.0667252398310028,-1.696543121606065,-0.3796664900834673,0.49767594986513924,-0.34923026635129417,0.45950321024705076,0.22549574476091916,1.4074063634362886,-0.21377946044390134,-0.24004702230863828,0.14668305967647732,0.08598269931919811,-0.2647463744103069,0.8566125748783779,-0.18696788892681226,-1.1725293944761468,-0.6234813349611581,7.794091122515345,-0.6187491237426355
-3.789311195516426,-6.343000626950714,1.1162792406358535,0.5709957533101081,-7.11211835354413,6.29734785543498,2.890057528807668,-20.813368593561737,3.649973626257389,-5.347757277767737,4.648123661492431,-3.915382124456994,-3.4462895031450445,-2.379678543202387,-0.27024296600062314,-4.579552213092857,-1.0426191775354599,1.7122352238249223,0.24663859340918126,1.1089426739214738,0.04241047046409019,3.1359272497516963,0.4959135715003413,1.2227942281087707,-0.9312351200020189,-0.3091272270562494,-1.5807819705606079,-0.3389951082164966,-2.0386005284037982,-4.693260294003264,-0.5597707963613604,10.281191771657806,-2.894541071317732
-11.983328965231019,-7.599362303087618,0.05049807242518645,2.2135488305350153,-8.712185038116672,5.507489970258767,2.5977361628553384,-20.665026946434025,3.6756635312662773,-5.711963977551721,4.7486132467502715,-3.714722003196915,-3.5884567906530638,-2.137539244892473,-0.7038502295239959,-4.536223651326863,-1.055130035537632,1.5794868440118754,0.3306867503912585,1.227600859756794,0.8328498102864839,3.1670063723661652,0.6587495648003585,1.4428036249335863,-0.7550860464327975,-0.2690915099256393,-1.7777410068731545,0.3931046124730867,-1.7250142228695373,-5.088669492209971,-1.141117849376193,13.621576023338855,-3.9247748573516574
-6.874399955595343,-3.115678693268558,1.08192244822668,0.10066901883393431,-16.441583825648966,9.421193386138663,4.882031103528421,-29.405703843442904,6.258753937297442,-9.417147165478346,8.460094910405175,-5.2122569499797775,-6.565767311682674,-4.354613686089429,-2.9269578043769067,-6.651775892661157,-1.6426192887793265,1.1542206859045852,1.5265931945686724,1.1292046977320447,1.6391840904463575,5.592795797365858,0.5662953971004653,0.646329039215577,-0.9661041079357401,-0.8243053886960594,-3.209894708685651,1.0147747939251512,0.5484043672660797,-7.086660596127906,0.007421706266521097,16.564220274800633,-4.191544762821428
-20.973851695560928,-3.386871784660001,0.4339333771182369,2.871341432443114,-11.413014537067284,6.679511534998426,3.663429940594363,-21.651992489894734,4.233039538877387,-6.066654728334607,6.371130777396391,-4.024212126840954,-5.178120335593718,-2.776292192717614,-1.3147153393125108,-5.162516827689885,-1.145610343530083,1.3517799327263094,0.7901020962230625,1.366976225445021,1.4078155681452786,4.180833465132647,0.9203467652881326,1.3609073189181933,-0.902872138967196,-0.2690078394029981,-2.0578911437638165,0.40090951214307213,-1.2245501169345094,-5.155379355097845,-0.3123775487819662,14.751882365370362,-4.5573029020767954
-4.496569113159731,-3.8185542972728452,-1.5066840536925654,-4.9652022701526395,-15.709787341166502,3.5562809615695032,1.1877918327470476,-13.559430516492924,3.557288446263661,-7.531984136161644,3.5731996837192415,-2.203578027165993,-2.3295290891377465,-2.462815590078194,-4.949299368523883,-4.225037485846921,-0.946572473230166,-0.3623811820551998,0.9850499850827781,0.16540816304452644,2.0469109031522343,3.7505510485497386,-0.9480146527144657,-1.0735054817253356,0.46511932037122833,-0.756942284861032,-2.273913910094958,2.994805172190891,4.612912509440557,-4.167616111046476,-0.4227150770962018,19.286963975138356,-1.814024550868396
-5.30673080368625,-0.44514718409213505,1.9980764765788668,-0.7784617414580176,-15.400203636591346,4.863329816011025,2.322859027455842,-16.868320400820753,4.471641156471999,-7.883832431501185,5.143359971474251,-3.1659894985554384,-4.1564323847973075,-3.152504590237988,-4.421810070414109,-4.603435531358766,-0.971853468601779,-0.28886359332934664,1.1772762904420744,0.6109141424703137,2.0872127824798867,4.643786193933532,-0.23088934674807648,-0.9015560162225205,0.07742532797930297,-0.6014824962229208,-2.3662175892282775,1.9685525892031497,3.2219544981354975,-4.52639458834737,0.24749944740889762,15.439718404947783,-2.301318290198808
-1.2327560423078179,-7.562016914871911,3.6023682843306766,0.3537536751106306,-0.33240849620938206,0.5991547205562173,-1.1628412612377277,-5.174926489150232,0.6276201660994878,-1.433984231900208,-0.7923029462728493,-0.6963231030566224,1.1268687504860377,0.23596593236802832,0.4063850527800512,-1.215923051254888,-0.2954387725629019,1.0478353111566967,-1.1121054936108385,0.33592504774988663,-0.47524055693770184,0.13330796349611385,-0.14458859191912926,0.039280149501003725,0.1025398349706113,0.564822820862761,0.5367032213294454,0.5996449994051318,-2.1197322399368983,-0.29139069305093646,-1.5381511739601812,5.537823492084456,-0.0834486098232774
-14.864326518577505,0.14309223176357722,2.450247920540713,0.889516628114191,-19.131536914192207,1.3776287791369786,-0.0033443910661383747,-10.225311808803271,3.358997104399554,-8.837724009742468,2.977391390783994,-1.4299885665048502,-2.4092268939176664,-2.29267024642618,-6.604911830467582,-3.030525892797355,-0.6683681477104678,-1.3555724134733107,1.3752973154173478,0.22076740985277865,3.679139989124616,3.9009516364444266,-0.6051959570451715,-1.6642564179142645,0.8468698580813107,-0.7087939892627468,-1.9600065390922814,4.204877606895109,5.577472645149607,-4.172404483501701,-0.7518329762558269,23.25914692818369,-1.9519344186092784
-12.545117772608194,-0.30201886206445216,4.628264028379668,5.312306912680983,-15.222598953894035,8.936399618602124,4.659849072912138,-29.634097974726398,6.221004003492739,-8.12389514882008,8.089717599272047,-5.556503160756158,-6.7287251970062,-3.9707915625685466,-2.009525650565016,-6.2862019938207085,-1.5969390816561697,1.1479251954723007,1.3180927703101863,1.5682808427175023,1.3966374468498108,5.684164862696536,1.0739274600507176,0.7838606580222252,-1.2722879441542234,-0.3764400606908582,-2.507853429226332,-0.2799944768170599,-0.952101967465496,-6.092299672273228,0.3338469422161016,15.046331146453168,-4.531237362202118
-9.888197139925731,-0.9163391757272594,-0.7409196396108855,1.368867349795883,-13.249139868611435,6.376430649891714,3.2721039438961848,-19.53989933176247,4.292455624120474,-7.35774511281957,5.871094907890015,-3.453834730718948,-4.93835647629344,-3.215347022344371,-2.890683904594656,-5.114733249372,-1.0687683573382927,0.29361516563098633,1.2684778686577054,0.9642872638535126,1.7012290526883043,4.601530374614773,0.26698261412307533,-0.017037766692892975,-0.2748637285619662,-0.6825329434858771,-2.4181511424339246,1.2434851769132467,1.3497074227271681,-4.910948326906544,0.17559589247340524,14.832597274651757,-3.261365280384848
-9.528504214316595,-1.8643358136950123,-0.5743579260896328,-4.281648994055803,-21.82703559207927,-1.0349330782693271,-2.674197424807937,-2.3143621061463513,2.304670228332521,-8.80451148370735,0.8075922852447439,0.5061878115777096,0.37846059712445257,-0.8712150240229861,-8.624383406689432,-2.3828019180467273,-0.2848100621728299,-2.145783321352322,1.0441193644772029,-0.626002669276687,4.065814168524029,3.0973297887551334,-1.9838279225168514,-3.203082533160952,2.1776370384001145,-0.9055495849826407,-1.9356686397782958,6.107201034939047,9.055298054586203,-3.0981397467694176,-1.411980483269027,26.99223140930569,-0.03151818278383711
15.294114898818192,-8.230783344111485,-3.829695264870711,-5.91162985918635,-8.662258757749813,1.8390411213369977,-1.0202952515149346,-8.006211431867863,2.159507238333659,-4.848582149837227,0.5339102989503846,-0.6585247804062111,0.9738786689320156,-1.068309690445526,-2.9597184612823133,-2.875453124844686,-0.5554831234509963,0.5098863220847196,-0.5047973764183981,-0.616720513743178,-0.5647399773576398,1.3567873493048856,-1.1177149877052437,-1.5506347131643514,0.7480293207068902,-0.3465160365375442,-1.28187762968276,2.5247416206425912,1.753263425703204,-2.1662393316229656,-1.0178747087713371,8.957134907724967,1.5243658429245834
-7.6439432606212945,0.6355505827353369,1.163157437682427,-1.3446734732042436,-8.016229766186237,-0.1111419272907268,-1.0018452851327138,-0.5695914231911772,0.6231490078870507,-3.2932607305923183,0.43363990572860134,0.09128792509802963,0.12187821660687836,-0.27653257304820045,-3.1640669966439696,-1.4155668534165873,-0.23404280521798154,-0.7364268261022319,0.18287005729388484,0.0030086058737078814,1.620077184826304,1.7476432017836625,-0.6542531779569212,-1.4231183681334925,0.9858934413582395,-0.24938667755092142,-0.4829771368171958,2.312994412850377,3.2067267494422467,-0.18367212753665285,-0.06422025567729224,9.630376347283047,-0.19879478573816023
-8.780369231589601,-4.356375761632085,2.6831169493221623,3.181799021458789,-7.406775287358806,13.455020493945595,7.562858451512785,-37.75115086729202,6.782043755033605,-6.713072904663322,10.32445605220905,-7.334368039156734,-8.005685427627974,-4.702233716175655,2.562460962498356,-7.737095654962609,-1.9281625124303905,3.851257905497662,0.4879794124102875,2.0016636464981343,-0.9314167436686367,5.158340153954185,2.1187494661036177,2.9833962700161485,-2.702994225552048,-0.08386642503745995,-2.6028351228894273,-3.2203188118428123,-6.202644050677424,-7.078367691834126,0.6315025962607879,8.270867427458722,-5.183482727134599
-2.0529658825610255,1.0527198222828817,0.7152293567645488,-1.023800643323189,-9.50317125319357,5.162921181919115,2.7510644287729047,-14.538370223712505,3.228815270300092,-4.962803747362178,4.478658186139221,-2.818219185538334,-3.6103935080087406,-2.459823275852381,-1.9086383932374016,-4.1526342947527946,-0.8771609860276862,0.4626489461329097,0.511201786149603,0.6614518562513504,0.5384748214002313,3.7070584633989845,0.16416409949377891,-0.48119348106914267,-0.36435720903093816,-0.37997374010650287,-1.605618897765441,0.018240431932152523,1.1472465109821068,-2.69392351854611,1.1248749855198017,7.5686460999499525,-1.4797102951689458
-1.4839183967417284,-1.9313668323060051,6.073268446496377,2.013858618552463,-4.667941238450888,2.562910317230701,0.22695876022655814,-10.168261599484913,2.304432913999436,-3.5429115693239956,1.2916015432530399,-1.9598831248381274,-1.68850046193079,-1.522115206380189,-0.9868839218354879,-2.2282659017797624,-0.6090121172539885,0.6081161155670116,-0.37926118943971077,0.8169442927341098,0.3257197064419832,2.1832563764919364,0.3334903956968037,-0.2219015533157166,-0.45748309824013966,0.25653241580052755,-0.08030544506019877,-0.5038185285633137,-0.863570284864875,-1.7124529003889823,-0.25508607971731617,7.851508812519415,-1.1081860909682382
-12.910507792686056,1.6718317914348166,5.28484132060307,3.1532584862456123,-18.17341261935298,-2.6135446575617345,-2.934529849606713,0.3918230683142969,1.8681366901761085,-7.710847291706475,-0.6802462355723597,0.52808936925104,0.13432710006018356,-0.7949822521002339,-6.987011338216059,-1.0210065683919871,-0.09209444796146515,-2.004720066201893,0.8117845423049066,-0.4340056506481075,4.069277269418797,1.9085714546748997,-0.8206789231270342,-2.8828265042683823,1.5837124712220159,-0.3904057401373096,-0.8786909815934015,5.138112043967317,6.575161254814693,-1.8993955230738162,-1.307139272055685,22.251585920465715,-0.4736544651054415
-24.560371167868404,-3.7104666539572246,2.5509042793048295,7.665714853878266,-9.589699709909308,0.6224012158210512,-0.4156543083093487,-7.752459542639193,1.8058158175925094,-4.063133711297985,0.5049924381244519,-1.4361077797936344,-1.0232369104990182,-0.24863245146820923,-2.0736547985389953,-2.417056526513954,-0.3706849579133094,0.34006295146966686,0.11760811500082691,0.8411096395217075,1.9436537416530426,1.9825014354910593,0.39241090180151666,0.10148357322969148,-0.04949567469452553,0.08478313896619993,-0.6428812943072684,1.573177270556686,0.36466223866348635,-2.5566568201384836,-1.5434448761085797,16.0783626743551,-3.32524546827135
